-- Insert data into Department Table
INSERT INTO Department (DepartmentId, DepartmentName) VALUES
(1, 'Software Engineering'),
(2, 'Product Management'),
(3, 'Human Resources'),
(4, 'Marketing'),
(5, 'Sales'),
(6, 'Customer Support'),
(7, 'Finance'),
(8, 'Research & Development'),
(9, 'Operations'),
(10, 'Quality Assurance'),
(11, 'Design'),
(12, 'IT Infrastructure'),
(13, 'Legal'),
(14, 'Supply Chain'),
(15, 'Training'),
(16, 'Business Intelligence'),
(17, 'Procurement'),
(18, 'Security'),
(19, 'Innovation'),
(20, 'Strategy');

-- Insert data into GroupDC Table
INSERT INTO GroupDC (GroupDCId, DepartmentId, GroupDCName) VALUES
(1, 1, 'Web Development Team'),
(2, 1, 'Mobile Development Team'),
(3, 2, 'Product Strategy Group'),
(4, 2, 'Product Design Group'),
(5, 8, 'AI Research Group'),
(6, 8, 'Machine Learning Team'),
(7, 4, 'Digital Marketing Team'),
(8, 4, 'Content Marketing Group'),
(9, 5, 'Enterprise Sales Team'),
(10, 5, 'SMB Sales Team'),
(11, 10, 'Manual Testing Group'),
(12, 10, 'Automation Testing Team'),
(13, 11, 'UI/UX Design Team'),
(14, 11, 'Graphic Design Group'),
(15, 12, 'Network Infrastructure Team'),
(16, 12, 'Cloud Solutions Group'),
(17, 16, 'Data Analytics Team'),
(18, 16, 'Reporting Group'),
(19, 19, 'Innovation Lab'),
(20, 19, 'Emerging Technologies Group');

-- Insert data into Author Table
INSERT INTO Author (AuthorId, AuthorName, DepartmentId, GroupDCId) VALUES
(1, 'John Smith', 1, 1),
(2, 'Emily Chen', 1, 2),
(3, 'Michael Johnson', 2, 3),
(4, 'Sarah Williams', 2, 4),
(5, 'David Lee', 8, 5),
(6, 'Rachel Kim', 8, 6),
(7, 'Alex Rodriguez', 4, 7),
(8, 'Lisa Martinez', 4, 8),
(9, 'Tom Baker', 5, 9),
(10, 'Emma Wilson', 5, 10),
(11, 'Chris Taylor', 10, 11),
(12, 'Olivia Brown', 10, 12),
(13, 'Ryan Garcia', 11, 13),
(14, 'Sophia Nguyen', 11, 14),
(15, 'Kevin Patel', 12, 15),
(16, 'Julia Clark', 12, 16),
(17, 'Mark Evans', 16, 17),
(18, 'Anna Wright', 16, 18),
(19, 'Daniel Park', 19, 19),
(20, 'Natalie Chen', 19, 20);

-- Insert data into Job Table
INSERT INTO Job (JobId, JobName) VALUES
(1, 'Software Developer'),
(2, 'Product Manager'),
(3, 'Data Scientist'),
(4, 'Marketing Specialist'),
(5, 'Sales Representative'),
(6, 'QA Engineer'),
(7, 'UX Designer'),
(8, 'Network Engineer'),
(9, 'Business Analyst'),
(10, 'Project Manager'),
(11, 'Customer Support Specialist'),
(12, 'Financial Analyst'),
(13, 'Research Scientist'),
(14, 'Security Analyst'),
(15, 'HR Coordinator'),
(16, 'Content Writer'),
(17, 'Cloud Architect'),
(18, 'Sales Manager'),
(19, 'Innovation Strategist'),
(20, 'Technical Writer');

-- Insert data into Tool Table
INSERT INTO Tool (ToolId, ToolName, ToolDescription) VALUES
(1, 'Jira', 'Project management and issue tracking tool'),
(2, 'GitHub', 'Version control and collaboration platform'),
(3, 'Tableau', 'Data visualization and business intelligence tool'),
(4, 'Slack', 'Team communication and collaboration platform'),
(5, 'Figma', 'Interface design and prototyping tool'),
(6, 'Docker', 'Containerization platform'),
(7, 'Kubernetes', 'Container orchestration system'),
(8, 'Power BI', 'Business analytics service'),
(9, 'Selenium', 'Automated testing framework'),
(10, 'Jenkins', 'Continuous integration and delivery tool'),
(11, 'Trello', 'Kanban-style project management tool'),
(12, 'Asana', 'Work management platform'),
(13, 'VS Code', 'Source code editor'),
(14, 'Postman', 'API development and testing tool'),
(15, 'Terraform', 'Infrastructure as code software'),
(16, 'Grafana', 'Monitoring and observability platform'),
(17, 'Notion', 'Collaborative workspace'),
(18, 'ChatGPT', 'AI-powered conversational assistant'),
(19, 'Miro', 'Online collaborative whiteboarding platform'),
(20, 'Zoom', 'Video conferencing tool');

-- Insert data into Jidouka Table
INSERT INTO Jidouka (
    JidoukaId, ProductApply, ImprovementName, SoftwareUsing, 
    Description, Video, DetailDocument, TotalJobApplied, 
    TotalTimeSaved, DateCreate, JobId, AuthorId, 
    DepartmentId, GroupDCId
) VALUES
(1, 'Customer Onboarding', 'Automated Signup Process', 'Selenium', 
'Streamlined customer registration', NULL, 'Detailed process documentation', 15, 24, NOW(), 1, 1, 1, 1),
(2, 'Sales Reporting', 'Dynamic Dashboard Creation', 'Tableau', 
'Real-time sales performance visualization', NULL, 'Report generation guide', 10, 40, NOW(), 2, 3, 2, 3),
(3, 'Code Review', 'Automated Code Quality Check', 'GitHub Actions', 
'Reduce manual code review time', NULL, 'Implementation guidelines', 20, 60, NOW(), 1, 2, 1, 2),
(4, 'Customer Support', 'Chatbot Integration', 'ChatGPT', 
'Improve first-response resolution', NULL, 'Chatbot configuration docs', 30, 120, NOW(), 11, 6, 8, 6),
(5, 'Product Design', 'Collaborative Wireframing', 'Figma', 
'Enhance design team collaboration', NULL, 'Design workflow document', 12, 36, NOW(), 7, 13, 11, 13),
(6, 'DevOps', 'Continuous Deployment Pipeline', 'Jenkins', 
'Reduce deployment time and errors', NULL, 'CI/CD setup guide', 25, 80, NOW(), 1, 5, 8, 5),
(7, 'Data Analysis', 'Automated Reporting', 'Power BI', 
'Streamline business intelligence', NULL, 'Reporting automation docs', 18, 54, NOW(), 9, 17, 16, 17),
(8, 'Project Management', 'Kanban Workflow Optimization', 'Trello', 
'Improve task tracking efficiency', NULL, 'Workflow optimization guide', 22, 44, NOW(), 10, 4, 2, 4),
(9, 'Testing', 'Automated UI Testing', 'Selenium', 
'Reduce manual testing effort', NULL, 'Automated testing framework', 35, 105, NOW(), 6, 11, 10, 11),
(10, 'Cloud Infrastructure', 'Infrastructure as Code', 'Terraform', 
'Simplify cloud resource management', NULL, 'IaC implementation guide', 16, 48, NOW(), 8, 15, 12, 15),
(11, 'Customer Engagement', 'Interactive Onboarding Flow', 'Miro', 
'Enhance user onboarding experience', NULL, 'User journey mapping', 20, 60, NOW(), 4, 7, 4, 7),
(12, 'Knowledge Management', 'Centralized Documentation', 'Notion', 
'Improve information sharing', NULL, 'Documentation strategy', 25, 75, NOW(), 20, 19, 19, 19),
(13, 'Sales Tracking', 'Real-time Performance Metrics', 'Salesforce', 
'Enhanced sales team insights', NULL, 'Metrics dashboard guide', 30, 90, NOW(), 5, 9, 5, 9),
(14, 'Security Audit', 'Automated Vulnerability Scanning', 'Docker', 
'Improve system security', NULL, 'Security scanning process', 15, 45, NOW(), 14, 18, 18, 18),
(15, 'Training Management', 'E-learning Platform Integration', 'Zoom', 
'Streamline employee training', NULL, 'Learning platform docs', 22, 66, NOW(), 15, 20, 15, 20),
(16, 'Marketing Automation', 'Social Media Content Scheduler', 'Hootsuite', 
'Optimize content publishing', NULL, 'Content strategy guide', 18, 54, NOW(), 4, 8, 4, 8),
(17, 'API Development', 'Standardized API Testing', 'Postman', 
'Improve API quality and consistency', NULL, 'API testing framework', 27, 81, NOW(), 1, 1, 1, 1),
(18, 'Team Collaboration', 'Virtual Whiteboarding', 'Miro', 
'Enhance remote team interaction', NULL, 'Collaboration best practices', 20, 60, NOW(), 10, 4, 2, 3),
(19, 'Performance Monitoring', 'Real-time System Metrics', 'Grafana', 
'Improve system observability', NULL, 'Monitoring setup guide', 16, 48, NOW(), 8, 15, 12, 16),
(20, 'Innovation Tracking', 'Idea Management Platform', 'Trello', 
'Capture and track innovative ideas', NULL, 'Innovation process documentation', 25, 75, NOW(), 19, 19, 19, 19);

-- Insert data into JidoukaTool Table
INSERT INTO JidoukaTool (JidoukaId, ToolId) VALUES
(1, 2), (1, 9),
(2, 3), (2, 8),
(3, 2), (3, 10),
(4, 18), (4, 4),
(5, 5), (5, 19),
(6, 10), (6, 6),
(7, 8), (7, 3),
(8, 11), (8, 12),
(9, 9), (9, 10),
(10, 15), (10, 7),
(11, 19), (11, 4),
(12, 17), (12, 11),
(13, 14), (13, 8),
(14, 6), (14, 15),
(15, 20), (15, 12),
(16, 4), (16, 11),
(17, 14), (17, 2),
(18, 19), (18, 11),
(19, 16), (19, 7),
(20, 11), (20, 19);
